0|0|Obilazak Novog Sada|Turisticki obilazak Novog Sada u trajanju od sat vremena.|Serbian|10|1
1|1|Obilazak Beograda|Turisticki obilazak Beograda u trajanju od dva sata, organizovan za 5 osoba.|Serbian|5|2
2|2|treca|dasdasdasdasdasdasdda|Serbian|10|2
3|3|cetvrta|dasdad|Serbian|5|1
4|4|proba||Serbian|15|2
5|5|proba2|Description description|Serbian|10|2
6|6|tour|asddasdasdasd|Serbian|10|2
7|7|tourXYZ|sdasdadasdasdsadadsa|Serbian|10|2
8|8|tour5|abcabcabc|Serbian|4|2
9|9|tourTour|asdasdasdasadsadasdasdasdsadas|Serbian|10|2
10|10|kuponi|opis,opis,opis|Serbian|10|2
11|12|Tour from2022|adsdadasdasdasdasdasdasda|Serbian|5|1
12|13|todayTour|Lorem ipsum|Serbian|10|1
13|14|Nova tura|Description, lorem ipsum,|Serbian|14|2
